Date,TATASTEEL,ONGC,ITC,TATAMOTORS,HINDALCO,COALINDIA,RELIANCE,NTPC,POWERGRID,SUNPHARMA
2016-01-01,257.4,242.5,327.5,401.9,84.9,334.05,1015.35,144.5,141.0,815.55
2016-01-04,256.9,238.05,325.1,377.05,80.75,330.2,995.3,143.3,140.95,799.1
2016-01-05,274.3,241.85,324.85,374.45,82.6,325.8,1005.15,142.25,139.15,800.5
2016-01-06,268.75,237.55,315.1,365.9,80.55,327.9,1032.2,141.45,139.5,791.95
2016-01-07,249.9,226.6,309.6,343.55,76.65,326.4,1013.25,137.85,138.1,783.8
2016-01-08,253.6,230.15,313.65,353.35,76.9,321.1,1025.75,139.55,141.65,794.15
2016-01-11,251.65,225.5,316.05,360.2,77.9,315.95,1051.6,141.6,143.25,782.25
2016-01-12,245.75,221.35,315.15,355.0,75.6,316.0,1045.45,145.2,142.75,788.15
2016-01-13,246.6,223.2,315.75,364.6,76.7,317.3,1076.85,144.25,142.9,796.6
2016-01-14,238.75,223.25,317.25,354.3,74.7,318.65,1061.65,143.2,142.85,791.85
2016-01-15,229.7,219.45,313.9,341.3,71.8,318.55,1073.3,136.45,139.1,787.1
2016-01-18,235.9,214.4,315.4,340.2,71.2,310.85,1016.85,134.6,138.15,784.95
2016-01-19,238.0,218.0,314.05,354.15,71.85,308.85,1043.6,135.15,135.95,793.9
2016-01-20,232.0,213.3,308.95,342.25,67.6,298.15,1004.55,132.2,134.65,792.6
2016-01-21,235.6,207.3,306.4,328.55,68.3,288.2,984.2,133.0,132.2,773.15
2016-01-22,247.8,216.25,308.75,339.5,72.35,299.45,1004.15,138.15,133.1,789.2
2016-01-25,254.9,219.65,309.4,332.6,72.0,304.9,1003.95,137.95,133.0,807.25
2016-01-27,257.6,218.4,312.95,337.05,71.05,304.05,999.35,143.75,138.25,821.15
2016-01-28,254.2,219.9,318.55,334.2,69.7,306.6,1016.9,144.25,143.7,834.15
2016-01-29,249.7,226.25,320.2,336.9,70.5,319.95,1035.4,142.45,147.85,872.95
2016-02-01,249.3,225.05,324.75,338.5,71.1,328.55,1030.3,140.25,146.75,872.3
2016-02-02,231.45,216.55,324.25,329.55,68.55,318.95,1001.15,134.05,146.25,835.15
2016-02-03,224.0,213.05,321.95,320.3,66.65,317.25,981.4,128.65,143.25,834.9
2016-02-04,225.95,220.0,321.8,325.5,68.7,322.5,973.05,125.9,146.8,835.6
2016-02-05,233.85,219.95,323.95,337.1,71.25,326.25,970.9,124.8,145.25,857.55
2016-02-08,234.1,214.05,315.25,323.5,69.8,323.35,961.05,123.25,142.45,835.65
2016-02-09,235.5,218.15,312.4,310.65,70.0,309.25,957.5,125.85,141.95,854.05
2016-02-10,235.7,213.5,309.0,291.55,66.9,313.75,962.65,124.75,143.35,855.75
2016-02-11,224.5,203.15,298.55,276.35,63.7,305.1,924.55,120.95,136.7,830.4
2016-02-12,217.5,193.25,300.1,298.35,60.9,302.85,906.55,123.95,138.35,847.35
2016-02-15,246.7,200.35,303.7,317.25,67.0,324.25,946.75,124.8,138.7,850.2
2016-02-16,244.85,199.95,295.5,301.15,64.85,317.9,930.55,127.75,139.3,827.8
2016-02-17,251.25,200.35,299.85,310.15,65.8,312.8,952.6,128.0,139.6,855.8
2016-02-18,250.85,209.1,305.45,314.0,68.9,317.6,940.1,127.5,139.85,870.45
2016-02-19,253.25,211.15,304.55,318.2,69.05,312.25,944.35,129.8,141.0,864.2
2016-02-22,255.25,214.4,299.85,318.85,69.5,313.9,962.3,127.0,139.65,882.45
2016-02-23,253.55,214.6,293.8,318.55,68.5,301.1,949.65,123.8,137.1,871.1
2016-02-24,247.9,209.4,287.6,306.3,66.4,295.25,952.65,118.65,139.7,854.55
2016-02-25,248.15,216.25,286.2,298.2,67.15,299.4,944.1,118.5,131.75,875.35
2016-02-26,248.45,216.05,290.95,301.8,69.45,311.45,950.35,121.55,133.65,871.9
2016-02-29,249.1,194.1,295.65,299.7,68.75,311.0,966.65,119.5,130.05,853.9
2016-03-01,257.05,191.5,325.35,315.35,70.25,317.85,981.3,122.85,133.75,868.4
2016-03-02,267.55,194.95,319.55,317.1,74.95,311.0,1001.5,126.8,135.4,851.85
2016-03-03,287.05,197.2,318.15,336.7,79.25,314.1,1012.85,126.4,135.65,870.9
2016-03-04,288.55,200.7,315.2,343.5,79.4,325.15,1006.4,126.05,138.65,856.8
2016-03-08,291.8,201.85,320.25,346.05,83.15,324.05,1027.0,127.55,137.7,858.6
2016-03-09,295.4,205.25,319.9,347.7,81.1,322.5,1041.7,126.55,139.75,860.9
2016-03-10,296.7,205.7,316.1,348.5,83.8,321.7,1011.75,126.8,139.65,865.05
2016-03-11,294.05,205.1,321.3,354.25,83.5,318.9,1014.5,126.4,138.2,868.2
2016-03-14,296.7,208.25,325.05,366.45,84.9,296.7,1019.75,127.4,138.6,862.2
2016-03-15,300.45,207.4,316.5,360.4,83.9,295.65,1020.5,127.3,138.95,843.15
2016-03-16,299.5,206.5,322.05,359.55,81.5,295.65,1021.75,127.55,138.75,835.75
2016-03-17,295.9,212.25,323.65,360.9,81.0,294.25,1016.0,126.85,138.0,827.25
2016-03-18,302.2,214.6,324.75,366.05,85.2,297.75,1027.2,127.45,136.85,816.0
2016-03-21,303.55,216.65,331.45,374.7,86.0,296.6,1037.3,127.15,138.0,836.45
2016-03-22,309.8,216.1,323.15,377.2,87.0,294.4,1047.85,128.25,138.2,844.6
2016-03-23,317.2,214.6,324.25,377.0,91.3,298.0,1029.2,127.35,137.45,846.2
2016-03-28,299.15,213.95,322.45,363.3,83.25,293.5,1020.4,129.15,139.1,809.25
2016-03-29,303.85,212.25,320.0,372.45,84.4,295.15,1036.25,127.3,138.15,794.35
2016-03-30,324.3,217.9,327.35,388.6,88.0,296.85,1047.05,129.9,139.75,811.7
2016-03-31,319.7,214.1,328.25,386.6,87.95,291.95,1045.2,128.85,139.1,820.0
2016-04-01,317.75,208.8,336.05,379.65,86.65,287.0,1034.45,129.95,138.3,815.1
2016-04-04,320.35,207.3,330.7,388.4,89.1,285.0,1035.05,131.1,138.6,815.05
2016-04-05,312.3,205.5,326.45,370.5,84.9,275.25,1026.95,126.85,139.05,800.8
2016-04-06,328.55,206.1,325.9,376.7,88.95,275.6,1033.75,126.2,139.7,809.55
2016-04-07,323.7,207.75,319.45,375.2,87.3,281.25,1037.25,126.55,140.2,811.7
2016-04-08,322.1,206.15,321.2,371.45,87.7,279.6,1036.35,131.55,140.9,811.75
2016-04-11,331.15,207.6,327.25,386.65,92.2,280.45,1040.3,134.6,142.25,817.3
2016-04-12,324.5,211.35,322.4,395.8,92.0,274.4,1047.4,135.5,143.15,823.6
2016-04-13,332.85,213.35,331.25,408.75,96.3,277.45,1066.05,137.15,145.0,833.05
2016-04-18,335.55,207.55,335.4,407.35,97.05,275.8,1064.75,139.5,145.95,837.8
2016-04-20,357.45,209.85,335.5,404.1,101.8,278.65,1037.3,141.3,148.0,828.55
2016-04-21,354.55,212.95,329.95,411.5,101.8,287.75,1041.15,141.15,146.15,832.9
2016-04-22,353.65,216.1,325.8,417.0,101.1,287.8,1038.95,143.65,146.05,820.2
2016-04-25,347.45,212.3,320.95,412.2,98.4,287.95,1016.9,140.35,143.8,808.85
2016-04-26,358.6,214.3,327.4,419.05,103.15,288.3,1016.95,140.2,145.15,814.4
2016-04-27,356.75,221.8,333.55,418.55,101.75,290.9,1019.4,140.7,144.35,813.95
2016-04-28,347.6,216.85,322.9,411.35,96.9,285.05,996.7,137.15,141.85,801.95
2016-04-29,351.1,217.25,324.95,408.35,96.35,288.05,982.7,139.3,143.4,811.3
2016-05-02,346.95,217.75,321.15,407.7,98.65,288.65,986.95,138.55,142.85,811.8
2016-05-03,348.9,215.3,316.05,409.65,96.9,279.15,975.8,136.55,145.2,798.25
2016-05-04,328.75,210.65,312.65,381.8,91.15,279.95,978.1,138.8,142.75,804.2
2016-05-05,331.8,210.5,317.65,391.15,90.45,281.8,975.25,139.7,143.25,810.45
2016-05-06,329.3,208.45,317.7,398.7,91.9,281.9,968.95,140.0,142.45,804.4
2016-05-09,328.7,211.6,324.8,403.35,91.7,285.6,983.1,143.2,143.5,805.3
2016-05-10,328.05,207.9,323.5,388.95,89.85,284.9,982.55,140.65,141.85,802.15
2016-05-11,329.8,205.25,318.0,379.85,91.6,283.8,975.4,141.5,141.45,796.3
2016-05-12,330.6,206.3,318.2,387.05,93.4,283.85,992.8,141.45,143.9,803.55
2016-05-13,322.65,203.75,319.35,389.95,89.3,281.45,978.15,141.0,144.75,795.05
2016-05-16,326.4,202.6,329.4,392.7,89.8,282.85,975.95,140.1,144.45,797.85
2016-05-17,327.15,210.25,330.5,389.7,89.1,283.85,969.15,137.0,144.9,799.9
2016-05-18,329.05,214.25,332.7,384.85,89.15,283.95,970.55,136.1,143.05,795.3
2016-05-19,326.25,210.05,324.85,386.9,87.05,280.3,951.2,135.35,144.4,792.5
2016-05-20,322.65,213.1,330.35,384.45,86.95,279.0,934.2,136.9,144.8,791.35
2016-05-23,313.55,208.15,346.85,381.75,86.9,280.5,930.0,135.7,148.15,784.55
2016-05-24,317.7,206.65,348.05,389.1,86.3,279.55,940.45,138.5,146.7,772.3
2016-05-25,324.6,210.15,356.05,397.0,88.75,281.0,951.2,141.85,149.7,785.45
2016-05-26,325.2,216.05,362.45,399.25,90.3,280.85,946.85,141.2,150.6,779.35
2016-05-27,329.6,213.0,359.3,403.9,91.9,281.3,974.7,140.1,150.85,824.95
2016-05-30,322.35,213.45,356.5,421.25,102.95,292.55,968.7,143.6,151.75,812.1
2016-05-31,334.35,210.75,351.05,459.65,105.25,291.4,957.85,143.15,150.0,762.75
2016-06-01,332.15,210.65,361.4,449.2,103.1,297.2,953.6,144.6,148.9,754.55
2016-06-02,340.65,212.8,358.0,453.45,106.05,307.35,956.25,144.95,150.2,746.75
2016-06-03,338.55,211.85,353.9,453.95,105.55,308.95,959.65,147.6,150.4,737.35
2016-06-06,337.85,210.8,355.6,460.5,106.85,305.8,954.8,147.1,149.25,724.4
2016-06-07,342.6,212.95,362.75,463.05,109.5,307.8,955.05,148.45,149.9,738.8
2016-06-08,341.5,215.75,362.8,466.15,109.35,306.8,954.1,148.15,152.55,738.0
2016-06-09,342.05,220.65,354.1,467.15,110.9,313.0,971.15,151.05,152.8,742.7
2016-06-10,334.4,218.2,350.7,456.95,115.3,306.65,976.7,151.5,154.4,741.4
2016-06-13,323.1,213.25,349.9,444.25,114.7,308.5,981.1,148.75,151.8,746.45
2016-06-14,324.95,212.8,353.3,448.4,115.6,308.85,976.25,148.25,150.55,753.7
2016-06-15,330.25,213.7,359.55,452.1,115.75,309.75,984.6,154.15,154.4,751.6
2016-06-16,330.5,211.7,354.9,454.35,119.05,307.55,976.3,151.8,154.6,754.6
2016-06-17,325.45,210.75,359.85,464.4,118.8,313.2,974.9,152.3,157.05,743.2
2016-06-20,336.25,213.85,358.05,482.05,121.05,312.35,990.2,154.45,156.65,739.85
2016-06-21,334.05,217.55,358.5,484.9,123.5,313.0,987.1,151.8,156.0,736.3
2016-06-22,332.45,218.35,354.7,472.7,122.2,317.5,980.5,152.6,155.6,740.05
2016-06-23,333.95,218.5,360.25,487.95,123.9,317.55,980.45,149.1,156.65,752.6
2016-06-24,312.65,209.4,354.1,449.4,117.3,312.25,951.45,149.2,155.8,754.75
2016-06-27,310.5,210.15,358.95,448.95,119.8,308.1,955.65,149.2,154.0,773.75
2016-06-28,311.5,211.35,368.5,440.4,118.05,313.3,957.8,148.0,155.45,765.1
2016-06-29,313.6,214.75,366.3,447.25,119.95,311.0,966.9,152.1,159.25,770.3
2016-06-30,321.95,216.3,368.4,459.25,122.85,313.0,969.15,156.3,163.1,763.1
2016-07-01,328.1,225.0,252.35,457.9,124.75,310.1,973.45,156.75,165.15,763.35
2016-07-04,331.25,232.05,244.9,469.5,125.95,317.95,986.7,155.95,165.4,770.8
2016-07-05,333.65,230.75,243.55,460.9,123.65,321.95,993.1,152.6,161.25,774.5
2016-07-07,317.7,226.6,247.0,455.15,127.7,315.55,987.9,152.9,163.35,778.2
2016-07-08,318.35,223.3,245.85,466.3,126.85,311.7,978.4,153.8,164.45,777.5
2016-07-11,327.0,225.0,249.15,484.6,129.05,320.9,992.5,157.65,166.6,789.0
2016-07-12,342.3,227.9,248.4,484.3,135.25,317.05,1003.4,158.3,166.6,783.05
2016-07-13,357.75,234.15,247.1,481.1,135.8,324.05,1008.75,157.65,161.85,778.55
2016-07-14,359.3,230.55,248.7,486.1,135.8,324.65,1004.9,158.7,165.05,768.55
2016-07-15,372.9,230.25,248.85,494.0,137.4,318.85,1012.2,156.25,164.25,770.4
2016-07-18,365.65,218.6,248.9,492.65,137.25,321.65,1006.25,155.6,163.2,776.7
2016-07-19,370.25,221.0,249.05,499.25,138.0,318.95,1017.8,156.2,166.4,782.4
2016-07-20,368.45,223.9,250.25,493.9,135.9,329.25,1023.0,157.35,168.35,797.25
2016-07-21,362.3,222.6,250.6,491.05,133.9,333.35,1006.35,154.9,162.5,794.2
2016-07-22,365.45,222.45,249.85,507.2,136.0,331.45,1014.85,156.6,166.35,786.6
2016-07-25,363.65,226.8,251.75,509.0,135.2,333.75,1022.75,157.5,168.95,804.0
2016-07-26,367.8,224.35,251.75,503.25,131.65,327.45,1024.05,158.1,171.4,798.4
2016-07-27,363.05,223.25,247.4,510.1,133.8,325.55,1013.1,159.05,172.45,807.9
2016-07-28,349.85,221.35,254.3,506.85,134.25,329.95,1026.35,158.6,176.2,825.45
2016-07-29,355.05,220.1,252.45,503.2,133.55,328.0,1014.9,158.35,176.0,829.95
2016-08-01,364.85,218.8,250.6,508.25,136.6,326.45,1009.5,159.4,177.2,835.65
2016-08-02,361.85,221.1,260.8,493.3,135.5,323.05,1012.8,159.35,178.9,828.9
2016-08-03,358.05,218.75,252.7,478.4,135.7,326.15,993.95,157.5,175.9,839.6
2016-08-04,373.8,219.85,252.1,500.0,137.1,323.5,993.0,159.05,178.2,848.55
2016-08-05,381.7,225.95,252.55,516.4,143.7,329.4,1016.25,161.45,176.5,841.9
2016-08-08,379.55,226.1,249.95,514.8,149.15,331.95,1029.25,159.85,178.5,832.8
2016-08-09,375.35,229.0,247.65,513.8,146.6,337.15,1030.7,159.85,176.1,829.35
2016-08-10,370.3,229.05,246.5,503.45,145.8,337.95,1003.65,157.9,174.4,817.65
2016-08-11,368.35,231.4,251.65,503.25,142.25,337.8,1014.1,159.55,174.05,808.25
2016-08-12,374.75,233.6,254.1,516.8,146.35,337.95,1035.8,160.55,178.05,800.55
2016-08-16,379.15,235.2,255.1,507.6,154.65,337.8,1024.9,161.35,177.5,782.7
2016-08-17,391.85,237.8,253.7,510.4,155.95,347.8,1013.3,161.55,174.65,785.0
2016-08-18,387.2,241.35,252.15,512.05,154.35,339.05,1018.05,166.8,182.0,788.8
2016-08-19,392.15,241.6,250.95,510.0,158.95,334.15,1014.9,166.75,180.95,783.8
2016-08-22,388.15,239.35,254.1,503.95,156.05,334.9,1011.85,163.65,181.95,770.1
2016-08-23,385.15,238.4,251.4,504.0,155.55,336.65,1010.45,159.0,182.15,762.35
2016-08-24,379.95,241.0,250.25,498.35,157.0,333.95,1020.5,161.3,182.3,769.7
2016-08-25,372.3,237.8,253.45,493.85,154.25,331.3,1012.7,158.65,182.25,764.95
2016-08-26,369.45,238.4,253.8,503.75,155.5,333.3,1027.9,157.9,180.8,755.25
2016-08-29,373.75,237.3,252.8,525.3,158.3,333.85,1057.45,159.55,180.25,759.3
2016-08-30,377.75,241.7,257.3,529.0,162.75,334.65,1066.4,161.75,183.3,774.85
2016-08-31,370.1,236.3,260.05,537.7,159.25,333.5,1060.0,159.25,183.7,775.65
2016-09-01,374.6,236.6,261.0,543.65,157.5,338.0,1029.2,158.75,184.3,770.05
2016-09-02,374.2,238.75,262.9,549.85,157.25,332.3,1013.35,160.0,183.8,782.35
2016-09-06,385.75,238.55,262.6,588.7,158.5,328.85,1019.9,163.55,186.6,782.65
2016-09-07,389.95,244.95,262.8,587.4,159.7,331.0,1017.65,161.25,184.75,779.25
2016-09-08,403.0,246.3,264.9,584.2,161.95,332.55,1033.4,159.75,186.4,808.05
2016-09-09,394.6,254.95,258.3,573.25,154.85,332.2,1044.55,158.8,183.8,797.45
2016-09-12,373.3,251.0,252.25,553.45,140.85,330.45,1046.5,152.85,180.25,787.05
2016-09-14,373.9,248.2,251.85,560.5,143.25,324.35,1044.75,155.7,179.15,779.85
2016-09-15,366.4,248.5,255.9,557.55,145.55,323.75,1065.0,153.4,174.8,786.35
2016-09-16,358.85,250.3,260.35,548.7,142.65,324.55,1075.55,153.05,176.05,783.8
2016-09-19,361.65,254.15,258.85,554.45,143.95,328.3,1082.4,155.15,177.4,782.5
2016-09-20,365.6,257.75,256.95,548.45,145.6,329.25,1074.2,153.4,178.1,778.75
2016-09-21,369.8,255.35,253.65,549.9,149.55,331.0,1072.25,154.0,175.3,778.85
2016-09-22,377.25,259.5,255.25,558.45,154.6,327.45,1088.95,157.0,178.55,786.75
2016-09-23,372.0,260.55,253.45,553.05,154.45,328.4,1102.8,156.9,175.95,780.05
2016-09-26,369.75,249.55,248.05,535.3,153.6,332.45,1107.2,152.15,175.7,766.15
2016-09-27,367.95,247.55,245.85,531.95,150.05,332.75,1110.5,152.2,176.2,770.15
2016-09-28,380.35,251.65,246.95,540.0,156.9,328.45,1090.65,152.7,178.45,764.8
2016-09-29,368.8,250.15,245.7,526.3,150.0,327.65,1072.45,149.45,173.4,735.85
2016-09-30,374.25,256.65,241.35,534.85,152.7,322.3,1083.7,148.0,176.55,742.7
2016-10-03,382.85,260.25,242.3,540.8,154.1,327.9,1090.7,150.6,181.2,757.05
2016-10-04,391.15,273.55,241.2,549.95,154.25,321.1,1096.35,152.25,181.0,764.3
2016-10-05,390.7,266.65,240.2,559.65,157.25,321.25,1089.4,152.45,181.4,759.45
2016-10-06,389.85,269.15,237.4,551.45,158.35,318.55,1110.8,148.95,177.9,752.9
2016-10-07,406.55,267.35,238.95,565.7,158.0,318.8,1109.0,148.3,176.95,751.2
2016-10-10,418.4,266.95,240.1,562.05,160.75,318.9,1096.35,146.65,178.05,755.45
2016-10-13,413.8,272.75,238.95,544.85,155.15,315.5,1057.15,144.75,175.0,739.7
2016-10-14,412.3,277.05,239.9,556.1,154.6,313.05,1077.65,145.0,177.7,745.5
2016-10-17,410.8,278.45,240.6,547.55,150.65,311.25,1060.65,147.5,176.05,733.95
2016-10-18,424.95,276.5,245.95,554.25,152.35,312.55,1081.1,148.0,176.4,743.5
2016-10-19,426.0,278.55,239.45,550.5,151.0,312.55,1087.35,149.05,178.55,750.25
2016-10-20,428.55,281.35,239.35,546.85,155.25,312.6,1087.55,149.0,178.65,745.5
2016-10-21,427.2,279.8,240.15,544.5,151.85,313.3,1064.2,149.5,176.95,747.75
2016-10-24,426.05,292.35,241.35,559.8,150.85,321.25,1063.3,151.35,176.1,747.15
2016-10-25,415.25,288.75,238.75,553.8,150.5,319.65,1060.85,152.0,178.35,747.4
2016-10-26,398.6,290.1,238.75,530.05,150.2,319.3,1054.05,151.85,175.5,738.7
2016-10-27,397.15,290.8,243.1,522.0,148.3,316.3,1048.7,151.7,175.5,746.9
2016-10-28,405.45,286.9,243.1,537.0,149.65,324.8,1054.95,152.25,175.9,743.4
2016-10-30,404.7,289.2,241.65,531.95,149.75,325.4,1051.2,151.05,175.05,748.1
2016-11-01,417.7,289.15,239.95,530.6,156.95,330.05,1051.0,155.0,176.9,733.75
2016-11-02,413.35,277.25,237.3,513.3,156.5,327.95,1023.75,156.5,175.1,714.05
2016-11-03,403.3,267.55,240.3,510.2,162.8,327.0,1023.95,153.05,174.95,703.65
2016-11-04,403.1,269.5,249.05,512.3,158.85,315.9,1005.55,153.5,173.55,651.5
2016-11-07,412.6,267.2,256.5,506.35,167.6,319.3,1001.15,155.1,174.0,654.9
2016-11-08,408.65,270.6,255.6,540.2,167.4,317.05,1003.5,154.15,177.0,635.4
2016-11-09,399.35,269.9,248.15,533.5,162.1,317.05,1004.6,154.1,180.2,660.75
2016-11-10,437.0,276.0,251.05,533.7,175.75,333.2,1010.4,154.8,188.45,666.2
2016-11-11,426.5,273.45,242.95,507.3,172.3,324.05,1001.75,151.7,183.1,688.0
2016-11-15,393.05,275.6,237.5,457.4,167.75,313.65,985.4,150.15,184.95,682.45
2016-11-16,392.75,272.4,230.9,458.45,162.8,313.05,986.55,150.15,188.5,667.4
2016-11-17,392.75,273.25,231.5,472.85,168.3,306.85,977.75,151.8,192.9,669.25
2016-11-18,385.1,275.1,227.85,471.25,165.35,306.7,987.5,159.05,191.95,688.85
2016-11-21,371.45,276.05,224.2,456.95,157.35,300.75,991.5,154.9,185.05,690.35
2016-11-22,378.05,277.9,226.1,464.85,166.55,303.4,1001.45,154.1,183.75,689.9
2016-11-23,392.7,279.9,224.65,471.5,173.7,304.05,1009.0,159.85,181.65,701.3
2016-11-24,398.15,277.25,223.5,452.95,180.45,300.35,987.35,157.0,185.05,682.5
2016-11-25,408.75,277.45,228.8,452.35,180.5,304.25,993.7,161.5,188.65,714.15
2016-11-28,406.6,284.0,233.7,454.7,178.65,304.9,986.65,164.35,190.5,715.15
2016-11-29,408.95,284.8,231.05,459.85,175.4,308.4,997.7,163.0,189.45,706.5
2016-11-30,415.05,288.9,232.5,459.3,175.75,308.6,990.05,163.15,191.9,709.8
2016-12-01,409.6,292.15,233.5,448.2,171.35,306.3,997.75,161.9,184.3,721.5
2016-12-02,406.4,291.25,228.5,432.9,168.75,305.85,994.75,161.65,183.8,720.35
2016-12-05,413.5,295.4,232.55,439.3,174.5,305.35,993.85,162.45,185.1,713.1
2016-12-06,418.45,298.75,230.2,441.1,175.4,305.7,1005.2,163.1,182.9,706.15
2016-12-07,411.9,297.1,227.2,445.35,175.05,305.3,999.15,163.15,182.45,664.0
2016-12-08,431.3,303.3,233.3,461.55,179.2,312.1,1020.05,163.05,185.65,675.7
2016-12-09,430.55,306.8,236.15,464.1,182.1,306.45,1028.95,164.05,184.45,673.0
2016-12-12,424.2,311.45,232.3,454.4,181.95,305.3,1027.2,165.45,184.75,676.4
2016-12-13,421.1,312.0,235.65,470.65,176.95,305.95,1039.8,164.8,185.25,684.35
2016-12-14,417.75,305.3,233.15,472.35,176.0,292.0,1059.5,163.55,181.95,678.4
2016-12-15,419.3,206.45,229.7,463.2,176.1,290.15,1052.95,160.2,183.35,649.95
2016-12-16,414.05,201.7,226.35,473.15,170.2,288.25,1057.15,160.0,183.8,647.35
2016-12-19,410.35,201.4,227.0,471.8,169.15,287.35,1062.55,159.9,184.1,632.25
2016-12-20,403.5,199.85,229.95,473.15,167.15,290.6,1057.9,161.85,181.95,627.9
2016-12-21,404.5,201.5,226.3,468.5,168.8,292.2,1063.25,163.65,183.25,614.45
2016-12-22,392.2,194.9,227.55,469.6,161.25,287.65,1053.35,160.5,181.75,609.15
2016-12-23,390.85,192.95,224.7,465.65,159.3,287.85,1057.3,161.05,182.3,623.5
2016-12-26,380.1,189.0,225.0,457.85,151.5,285.0,1047.45,159.95,178.8,611.25
2016-12-27,392.4,190.3,234.05,466.95,155.55,288.95,1064.7,160.4,181.05,621.1
2016-12-28,388.45,189.9,235.45,463.35,153.6,295.2,1049.7,160.75,180.0,621.35
2016-12-29,392.35,191.6,236.0,470.9,154.75,298.65,1065.45,163.55,180.05,614.7
2016-12-30,391.25,191.35,241.65,472.0,155.05,300.0,1082.4,164.75,183.5,630.0
2017-01-02,406.75,192.25,240.95,487.05,158.85,300.05,1085.1,164.8,183.65,634.05
2017-01-03,403.3,192.5,243.35,481.1,158.85,305.3,1089.4,165.45,188.05,636.1
2017-01-04,405.45,194.8,245.45,486.65,158.9,306.15,1067.15,164.85,186.75,637.35
2017-01-05,419.3,199.65,246.75,502.15,162.0,308.3,1077.4,165.0,190.85,643.45
2017-01-06,419.55,202.55,242.7,497.75,160.75,306.2,1074.95,164.0,188.8,640.75
2017-01-09,422.0,198.0,245.85,500.15,158.0,300.0,1077.7,163.05,186.55,632.05
2017-01-10,431.9,198.45,248.95,516.25,164.4,300.6,1089.85,162.3,186.55,638.55
2017-01-11,448.25,197.65,247.55,519.25,174.95,316.85,1086.05,164.5,189.8,648.2
2017-01-12,447.55,199.55,244.65,518.25,177.0,313.2,1083.3,173.7,198.0,644.75
2017-01-13,446.35,201.3,249.65,514.85,172.25,315.0,1090.4,171.0,197.15,653.0
2017-01-16,458.45,198.35,248.8,526.4,172.6,313.8,1076.25,170.65,199.4,643.5
2017-01-17,454.25,194.8,251.95,523.7,171.05,307.0,1041.25,175.7,197.75,649.7
2017-01-18,468.35,198.0,250.85,522.45,177.0,308.7,1032.55,172.75,198.45,649.95
2017-01-19,467.15,200.85,254.15,531.45,176.1,307.35,1033.7,174.15,201.8,643.45
2017-01-20,454.5,197.3,255.4,523.2,171.65,303.7,1025.8,170.45,199.4,641.55
2017-01-23,461.8,199.9,259.65,532.7,181.7,303.4,1015.9,169.6,200.2,633.65
2017-01-24,464.25,201.6,259.85,541.55,187.15,309.45,1027.3,172.35,203.35,641.4
2017-01-25,469.5,204.9,265.5,548.9,190.75,317.2,1017.3,171.35,203.1,635.85
2017-01-27,469.3,204.5,257.4,541.95,190.75,317.75,1025.1,177.5,204.55,640.5
2017-01-30,462.05,201.85,256.1,532.3,191.5,314.7,1044.8,175.7,205.7,644.75
2017-01-31,463.05,202.55,258.1,523.55,189.95,309.2,1045.2,172.35,207.2,631.5
2017-02-01,474.6,200.2,269.7,542.25,198.85,313.05,1049.65,170.9,205.8,625.55
2017-02-02,476.95,200.85,274.3,531.5,193.3,320.45,1043.5,172.55,203.95,641.4
2017-02-03,472.8,200.95,273.05,522.6,191.75,326.15,1033.65,171.95,201.7,647.25
2017-02-06,473.4,199.0,276.8,525.85,190.1,325.05,1041.65,173.6,201.1,675.15
2017-02-07,472.8,193.3,277.1,506.8,185.9,315.05,1030.9,173.0,199.9,669.6
2017-02-08,470.65,194.4,274.8,513.05,189.0,321.75,1025.15,171.9,201.1,662.2
2017-02-09,459.85,192.9,277.65,512.85,183.7,322.15,1032.75,168.2,202.15,655.5
2017-02-10,468.2,193.65,273.35,509.55,182.05,324.5,1030.15,170.35,199.9,655.05
2017-02-13,472.6,192.25,270.6,505.3,185.0,320.9,1029.85,172.5,203.05,654.7
2017-02-14,472.4,195.7,270.8,482.05,187.25,320.2,1049.8,170.85,200.85,649.3
2017-02-15,460.1,194.95,273.4,436.45,184.45,319.95,1051.3,169.05,201.45,623.05
2017-02-16,469.95,194.1,266.65,446.0,187.75,318.3,1067.5,170.3,201.15,649.3
2017-02-17,468.2,194.4,268.15,452.95,183.65,316.25,1075.5,169.75,202.55,675.5
2017-02-20,487.05,195.3,266.05,455.45,183.3,319.9,1075.4,171.8,206.45,679.65
2017-02-21,490.95,196.25,263.15,458.65,182.45,319.6,1088.2,172.5,206.15,673.2
2017-02-22,484.05,195.6,263.45,460.05,180.05,328.35,1207.5,166.7,201.6,670.35
2017-02-23,485.75,196.0,265.65,462.35,182.1,327.7,1182.75,165.5,199.15,674.55
2017-02-27,480.6,194.7,264.6,457.8,180.75,329.95,1238.9,165.4,192.75,674.45
2017-02-28,482.7,193.55,262.2,456.75,184.35,321.9,1238.05,162.95,192.15,679.0
2017-03-01,500.35,193.85,268.5,449.45,189.25,320.2,1234.5,159.95,192.65,694.65
2017-03-02,494.65,192.7,264.75,461.7,189.45,321.4,1236.75,155.95,189.75,676.15
2017-03-03,495.1,193.05,261.55,459.95,198.55,321.25,1258.55,156.1,190.85,686.45
2017-03-06,492.7,193.8,264.1,470.8,199.55,322.9,1305.35,158.4,193.85,683.0
2017-03-07,482.0,196.4,264.25,467.55,192.55,322.8,1304.95,157.4,194.55,679.65
2017-03-08,472.45,192.95,264.15,462.8,190.2,320.2,1291.2,157.1,195.6,680.4
2017-03-09,469.45,189.65,264.95,467.6,189.2,318.1,1286.75,158.3,194.45,685.15
2017-03-10,467.75,191.6,263.45,469.1,187.6,316.3,1281.65,157.1,192.55,682.95
2017-03-14,472.55,191.9,267.1,469.75,190.4,294.95,1289.5,159.6,193.65,708.2
2017-03-15,479.05,190.7,268.2,473.45,190.85,292.7,1304.95,158.65,192.95,705.85
2017-03-16,499.65,191.8,268.45,480.95,198.75,291.95,1297.65,161.25,195.1,710.8
2017-03-17,502.2,190.0,281.25,476.5,196.2,289.25,1300.7,159.95,194.0,707.5
2017-03-20,496.65,190.85,281.9,476.0,196.2,291.8,1280.8,161.4,193.6,706.55
2017-03-21,496.4,194.05,287.9,473.75,198.3,292.25,1263.8,162.15,193.25,698.05
2017-03-22,488.1,192.5,279.85,459.9,193.4,292.15,1259.7,160.75,192.1,701.45
2017-03-23,495.5,193.6,277.6,472.9,193.7,295.9,1273.3,164.4,193.05,703.15
2017-03-24,493.2,191.9,281.0,470.4,194.9,297.85,1286.75,164.6,193.75,703.9
2017-03-27,476.5,188.9,281.6,464.75,188.7,291.5,1251.1,163.35,194.85,691.2
2017-03-28,480.2,186.9,280.5,472.4,189.6,290.35,1245.75,164.9,196.7,698.6
2017-03-29,484.4,186.95,283.2,469.05,192.25,294.1,1256.65,163.95,196.85,687.65
2017-03-30,477.5,183.9,282.75,468.4,190.3,289.5,1270.65,163.1,195.45,687.05
2017-03-31,482.7,185.0,280.3,465.85,195.05,292.65,1320.9,166.0,197.3,688.15
2017-04-03,485.85,185.8,281.55,470.4,193.6,295.0,1374.65,164.65,196.2,692.4
2017-04-05,493.3,186.25,278.95,473.5,198.2,290.05,1415.0,166.5,195.0,690.7
2017-04-06,501.65,187.55,274.1,473.2,193.95,286.4,1438.5,167.7,197.2,686.9
2017-04-07,493.2,186.4,272.65,468.3,193.5,283.9,1406.6,168.25,195.0,665.95
2017-04-10,495.35,186.45,273.55,474.9,195.05,286.75,1381.35,166.75,195.3,667.75
2017-04-11,488.1,187.85,282.05,472.25,196.45,288.9,1372.35,167.0,199.15,670.4
2017-04-12,477.4,186.7,281.9,464.55,193.0,290.0,1354.0,164.95,197.6,683.25
2017-04-13,463.55,184.8,279.15,453.35,183.25,291.05,1364.8,164.65,200.0,692.75
2017-04-17,462.4,183.1,279.1,449.2,181.45,285.8,1391.85,159.3,202.3,677.05
2017-04-18,449.9,180.95,279.05,443.7,183.8,279.25,1370.2,161.7,202.35,665.15
2017-04-19,450.75,179.85,278.7,443.05,186.0,282.7,1368.8,164.9,211.2,663.35
2017-04-20,454.4,179.1,279.5,443.95,186.45,279.4,1369.55,163.7,208.9,655.95
2017-04-21,450.85,180.25,274.35,440.6,188.1,277.0,1402.5,167.2,205.6,639.6
2017-04-24,450.7,181.45,276.75,443.85,190.8,277.15,1417.4,166.55,204.85,642.85
2017-04-25,454.65,181.5,281.3,445.65,191.7,278.3,1432.8,165.45,208.6,642.55
2017-04-26,453.8,180.1,290.9,450.8,197.0,276.65,1416.45,165.6,205.7,642.8
2017-04-27,445.85,179.1,285.8,455.35,194.85,274.15,1409.5,164.1,207.75,637.0
2017-04-28,449.25,186.55,278.0,458.9,199.35,276.65,1395.2,164.5,208.0,641.95
2017-05-02,445.05,192.4,279.2,451.25,200.25,274.55,1370.55,162.1,206.0,632.8
2017-05-03,440.8,191.1,277.25,446.6,197.05,279.55,1370.1,162.1,211.05,628.85
2017-05-04,442.45,188.9,281.2,436.5,192.45,280.25,1357.95,162.65,210.65,631.5
2017-05-05,433.6,183.8,277.15,419.6,185.8,278.5,1328.25,159.7,209.0,630.2
2017-05-08,431.9,185.95,272.95,422.65,184.2,279.1,1321.4,160.6,210.0,637.15
2017-05-09,433.5,186.1,271.5,426.8,186.4,278.15,1330.35,161.25,208.35,640.3
2017-05-10,437.45,187.95,273.95,432.3,187.1,278.55,1359.1,162.2,210.5,642.8
2017-05-11,441.15,183.6,276.65,427.45,193.65,274.2,1359.55,160.25,208.2,648.45
2017-05-12,436.7,184.85,274.95,430.85,191.05,276.6,1350.45,158.85,206.25,655.1
2017-05-15,456.05,186.75,277.95,431.9,198.45,277.75,1344.1,159.75,206.7,654.45
2017-05-16,456.55,185.15,283.45,437.25,196.5,275.95,1356.3,159.95,207.4,652.35
2017-05-17,493.9,184.5,281.65,449.1,198.85,276.35,1353.1,158.9,208.8,650.9
2017-05-18,486.25,180.9,277.9,437.95,194.0,276.45,1327.35,157.8,208.25,653.95
2017-05-19,489.5,180.05,286.2,443.35,191.0,276.25,1318.85,159.1,205.75,653.15
2017-05-22,486.4,177.15,303.6,449.65,190.25,273.85,1324.15,158.2,202.5,640.15
2017-05-23,490.4,174.65,300.15,450.5,192.0,267.85,1305.55,156.95,201.4,614.1
2017-05-24,483.35,173.7,299.9,469.55,187.05,261.75,1297.7,156.45,199.9,603.5
2017-05-25,484.7,174.15,300.05,476.0,190.55,265.45,1302.45,156.35,198.95,591.55
2017-05-26,511.75,175.75,309.1,481.1,198.4,268.25,1337.3,156.0,202.2,567.65
2017-05-29,507.7,175.75,315.85,481.5,201.25,267.3,1356.9,156.5,209.1,502.6
2017-05-30,511.85,178.65,311.45,481.3,203.15,267.7,1359.35,161.25,204.1,508.0
2017-05-31,504.7,177.0,311.8,476.15,200.7,262.55,1340.7,160.2,207.95,501.6
2017-06-01,497.15,174.0,314.2,476.65,197.25,265.35,1328.25,160.65,207.65,507.45
2017-06-02,491.95,174.0,319.2,478.75,197.05,268.8,1324.75,162.6,206.1,514.85
2017-06-05,491.3,175.75,317.45,478.15,197.1,264.55,1329.35,162.6,205.3,512.8
2017-06-06,490.3,171.45,311.05,461.0,195.45,262.3,1312.8,158.1,203.45,504.3
2017-06-07,490.85,172.05,312.25,458.0,197.2,264.4,1339.0,157.85,205.05,511.55
2017-06-08,499.0,170.55,311.6,460.8,198.45,262.9,1331.7,157.85,207.35,528.85
2017-06-09,507.05,169.2,306.0,467.1,202.15,261.5,1335.7,157.8,207.2,524.7
2017-06-12,508.4,168.5,304.4,456.25,200.6,260.3,1319.45,157.95,206.2,532.55
2017-06-13,508.6,169.1,305.25,449.55,200.6,259.05,1314.35,160.0,210.25,537.2
2017-06-14,502.65,169.5,299.85,451.95,200.15,257.05,1357.5,159.95,210.5,539.55
2017-06-15,502.55,167.15,301.9,448.3,196.6,254.2,1383.95,159.05,210.35,544.0
2017-06-16,501.95,167.15,306.8,455.75,195.25,255.7,1388.8,160.6,209.95,529.15
2017-06-19,519.55,166.05,310.9,452.35,200.85,253.95,1409.25,160.95,212.4,524.85
2017-06-20,522.35,169.1,308.7,467.4,202.0,253.55,1412.35,158.95,208.3,523.8
2017-06-21,517.65,164.8,308.95,457.3,196.55,250.45,1422.0,159.8,205.7,528.0
2017-06-22,515.0,160.45,311.3,452.7,191.6,245.7,1432.65,158.95,202.3,538.7
2017-06-23,507.25,158.1,311.0,443.15,188.7,244.9,1435.85,157.85,206.0,543.8
2017-06-27,510.9,159.95,312.35,442.3,187.75,244.35,1437.15,157.9,205.75,544.05
2017-06-28,520.6,158.1,308.35,442.5,189.85,245.75,1398.5,159.65,207.6,545.45
2017-06-29,535.05,157.85,311.6,435.6,192.2,245.15,1392.7,158.65,208.0,536.9
2017-06-30,545.75,157.3,323.65,432.55,190.95,244.25,1380.0,158.95,210.55,555.7
2017-07-03,550.6,159.1,342.5,430.25,196.65,248.85,1381.05,156.75,211.45,552.0
2017-07-04,547.55,159.9,337.25,426.9,198.4,246.75,1421.95,158.05,210.7,552.45
2017-07-05,549.95,162.8,331.05,431.75,198.8,247.5,1442.65,159.0,210.05,550.65
2017-07-06,554.65,161.7,337.1,437.1,196.65,251.45,1442.55,158.05,209.85,545.6
2017-07-07,553.35,159.6,334.3,436.85,194.9,251.1,1491.15,159.05,209.45,549.0
2017-07-10,559.35,162.4,333.3,446.95,195.8,258.8,1492.85,160.05,211.35,563.7
2017-07-11,556.85,160.25,330.4,456.95,200.65,254.5,1494.35,163.3,211.95,563.8
2017-07-12,559.1,162.85,328.85,461.0,200.6,253.45,1511.1,164.05,214.0,562.4
2017-07-13,563.95,158.9,338.75,459.05,204.7,253.65,1522.1,163.9,215.1,569.3
2017-07-14,558.4,158.35,337.15,451.3,205.95,250.45,1533.75,167.3,215.2,572.55
2017-07-17,559.8,160.05,325.15,454.15,209.15,247.0,1551.75,168.55,216.7,571.45
2017-07-18,563.3,161.7,284.55,456.15,207.4,248.5,1519.9,167.55,215.4,578.25
2017-07-19,571.2,163.0,291.45,460.6,213.45,254.7,1532.95,167.8,218.65,589.15
2017-07-20,557.2,165.85,289.5,460.15,213.65,255.3,1528.9,165.45,218.7,582.05
2017-07-21,553.25,164.35,288.9,464.6,214.55,262.35,1585.0,164.8,215.3,575.95
2017-07-24,548.5,163.25,293.25,464.0,214.4,261.55,1615.25,164.05,216.75,570.8
2017-07-25,552.95,163.3,291.4,456.1,220.2,258.3,1602.15,163.9,217.0,565.9
2017-07-26,565.75,164.0,293.65,457.3,221.55,260.65,1622.75,166.35,217.3,579.5
2017-07-27,561.25,162.9,288.55,445.4,221.25,255.25,1594.8,165.4,216.65,572.1
2017-07-28,551.9,164.75,291.55,445.85,215.85,251.55,1594.45,163.9,214.65,550.8
2017-07-31,567.1,169.4,285.25,444.6,219.65,249.1,1615.2,164.2,223.3,531.65
2017-08-01,572.4,167.4,287.85,446.9,225.75,251.45,1603.6,165.2,224.4,533.8
2017-08-02,569.25,165.4,285.45,440.35,228.2,250.85,1629.2,171.85,221.8,523.55
2017-08-03,559.3,165.7,281.4,431.45,220.95,241.75,1650.1,172.55,222.95,515.85
2017-08-04,575.85,166.4,280.75,435.6,225.25,249.2,1622.15,177.35,224.6,506.4
2017-08-07,600.05,165.9,279.85,430.0,227.65,251.5,1616.35,174.45,225.95,505.55
2017-08-08,616.45,164.0,274.15,430.0,234.9,245.05,1602.55,171.15,222.9,500.35
2017-08-09,605.05,165.7,272.85,416.05,239.45,242.5,1598.8,173.65,221.9,474.35
2017-08-10,604.35,163.7,273.1,380.2,238.0,238.95,1584.35,172.65,217.4,460.8
2017-08-11,596.75,159.65,271.5,374.5,221.0,235.9,1546.25,168.85,218.9,450.0
2017-08-14,623.75,161.7,271.25,375.4,229.15,238.15,1573.05,171.75,222.75,471.8
2017-08-16,631.2,160.95,279.2,389.25,233.6,237.95,1566.1,170.1,220.7,485.7
2017-08-17,625.4,160.6,280.0,385.3,230.3,246.95,1567.1,176.8,219.45,488.25
2017-08-18,625.65,160.9,281.85,380.4,230.05,243.35,1575.4,173.4,222.95,470.15
2017-08-21,621.55,157.15,281.6,374.35,224.9,238.45,1564.4,172.0,220.3,460.55
2017-08-22,619.6,159.45,282.9,373.6,228.9,240.55,1560.05,167.7,219.5,470.45
2017-08-23,634.6,159.7,282.55,379.95,230.9,241.1,1582.05,170.25,219.75,469.2
2017-08-24,639.0,159.45,281.45,384.15,233.0,241.3,1568.05,169.0,220.95,483.0
2017-08-28,635.85,160.6,282.45,379.3,233.55,243.6,1566.55,173.3,217.1,493.2
2017-08-29,630.2,157.25,280.25,376.1,227.3,238.25,1532.15,168.4,215.3,481.8
2017-08-30,638.65,158.4,282.0,378.5,236.35,241.8,1564.1,167.95,215.6,484.25
2017-08-31,638.05,156.95,282.25,376.55,238.0,237.4,1594.5,168.75,219.25,481.15
2017-09-01,651.2,159.95,283.6,390.85,243.75,238.65,1610.1,168.25,216.5,486.2
2017-09-04,646.55,161.8,283.1,383.4,242.45,246.5,1613.35,168.25,217.6,500.7
2017-09-05,652.1,162.8,282.85,388.15,241.9,253.85,1632.6,169.5,216.2,491.85
2017-09-06,653.0,162.3,275.7,382.7,245.8,255.8,1645.4,169.95,214.3,474.25
2017-09-07,652.8,162.3,270.4,378.15,249.95,253.3,818.1,170.1,215.9,480.45
2017-09-08,655.4,161.85,272.35,375.05,249.55,255.0,816.9,167.75,213.1,471.35
2017-09-11,662.6,163.05,273.6,375.3,250.05,257.05,817.9,170.55,215.6,467.45
2017-09-12,682.9,162.3,277.65,388.25,250.95,257.55,823.75,170.35,215.3,483.4
2017-09-13,679.65,161.05,271.5,389.65,248.0,256.35,849.0,168.95,213.75,503.35
2017-09-14,677.7,159.35,272.0,404.4,247.2,255.05,843.85,168.65,213.95,524.65
2017-09-15,678.95,166.75,269.3,401.75,247.8,259.8,841.8,167.35,212.5,524.3
2017-09-18,672.9,165.2,267.0,404.95,249.5,264.55,845.55,168.0,215.35,521.05
2017-09-19,676.4,165.9,267.85,423.65,246.5,258.55,838.6,169.0,215.85,515.8
2017-09-20,687.65,167.7,271.55,414.8,244.1,256.55,847.15,167.8,212.9,505.5
2017-09-21,687.1,165.9,269.55,413.65,244.55,254.05,841.35,168.2,211.55,519.65
2017-09-22,654.0,164.45,268.45,411.8,230.9,253.8,817.4,166.0,209.55,513.85
2017-09-25,639.75,164.8,262.25,408.2,229.1,257.05,821.55,166.25,210.15,505.95
2017-09-26,654.1,171.4,262.45,411.25,234.6,260.4,820.1,166.95,210.75,507.6
2017-09-27,649.35,170.2,258.5,404.9,233.65,260.85,799.15,165.0,208.15,494.7
2017-09-28,649.7,171.55,261.55,401.4,238.45,267.8,786.45,166.05,209.0,499.2
2017-09-29,652.55,170.95,258.3,401.5,240.6,270.85,780.9,167.45,211.0,503.25
2017-10-03,660.8,170.65,261.4,416.0,241.6,272.0,798.35,168.4,206.15,502.65
2017-10-04,659.0,172.1,267.4,423.55,241.9,270.0,818.85,168.05,209.05,517.9
2017-10-05,661.0,171.2,265.25,423.3,240.75,273.25,824.15,171.1,204.95,513.8
2017-10-06,691.45,173.85,266.15,424.85,250.9,276.7,837.05,176.05,204.75,530.2
2017-10-09,697.25,170.7,268.0,425.6,249.5,281.35,830.65,174.9,200.95,531.4
2017-10-10,690.8,170.35,266.2,423.6,252.05,285.65,843.2,175.5,204.75,527.2
2017-10-11,682.3,169.15,265.4,415.5,249.5,282.95,840.15,174.85,202.85,526.05
2017-10-12,691.6,169.7,267.0,420.15,264.45,282.4,872.75,176.7,202.3,539.55
2017-10-13,710.85,169.65,265.95,424.8,266.6,287.25,876.45,175.85,205.65,534.7
2017-10-16,714.95,172.05,267.5,437.05,271.4,290.7,876.8,175.45,205.75,547.95
2017-10-17,712.5,171.2,267.25,432.3,276.5,290.05,874.35,175.9,204.9,547.2
2017-10-18,709.6,174.45,270.35,433.2,275.3,290.0,914.5,178.05,213.55,540.2
2017-10-19,705.5,172.05,269.65,426.95,273.9,285.8,909.9,175.05,210.65,535.75
2017-10-23,712.0,171.7,267.05,422.75,271.9,289.85,939.75,176.95,213.55,540.4
2017-10-24,719.3,176.0,267.0,416.05,268.85,289.7,934.25,181.65,215.05,534.55
2017-10-25,717.6,176.85,269.25,421.95,266.75,289.15,939.9,183.35,216.1,523.25
2017-10-26,729.2,177.35,268.4,419.4,272.9,293.35,947.4,184.65,212.0,530.15
2017-10-27,726.8,184.0,269.35,429.9,270.05,289.15,929.85,181.95,211.75,549.9
2017-10-30,718.25,186.6,265.15,436.55,273.2,288.9,942.5,182.6,212.4,553.1
2017-10-31,703.8,191.1,265.7,428.4,267.4,286.45,940.85,181.25,211.85,552.9
2017-11-01,707.3,191.0,269.85,437.75,275.3,286.55,952.55,180.75,210.35,548.7
2017-11-02,706.1,188.0,265.65,434.9,270.8,291.2,946.6,180.25,215.2,563.45
2017-11-03,708.9,191.85,265.4,447.7,268.9,286.55,945.3,181.95,210.05,551.25
2017-11-06,706.8,199.25,264.9,462.9,272.95,286.35,932.5,179.25,210.7,541.2
2017-11-07,693.2,193.8,265.3,451.85,266.9,284.65,906.7,178.4,207.65,527.6
2017-11-08,693.15,192.55,265.4,438.2,263.05,288.05,887.8,176.35,208.15,537.8
2017-11-09,703.4,189.6,260.05,440.15,263.3,283.25,900.5,178.05,208.0,533.9
2017-11-10,702.25,191.1,261.7,422.55,264.05,284.35,883.85,176.55,211.35,527.85
2017-11-13,691.05,184.2,258.3,418.1,260.9,274.95,875.25,176.95,211.0,532.55
2017-11-14,685.5,182.0,256.55,414.3,261.0,274.15,886.7,177.05,206.95,526.05
2017-11-15,677.75,177.55,253.3,408.65,251.85,272.35,883.7,174.2,207.0,504.65
2017-11-16,686.35,179.15,255.1,413.45,254.7,268.35,903.85,176.45,208.3,508.55
2017-11-17,701.2,177.6,258.0,421.8,258.85,272.8,911.9,177.55,208.6,517.1
2017-11-20,702.15,180.0,259.2,423.0,261.45,278.35,920.85,180.45,208.8,517.15
2017-11-21,711.35,180.9,255.8,424.25,261.45,273.8,932.55,182.95,206.6,538.05
2017-11-22,711.05,181.3,258.15,428.6,257.75,271.8,930.75,181.85,207.05,535.25
2017-11-23,712.7,181.7,258.15,426.25,255.25,270.45,947.0,180.4,209.05,544.75
2017-11-24,708.45,181.0,260.75,425.5,251.65,271.5,951.1,180.3,211.2,549.5
2017-11-27,702.55,184.05,259.25,421.4,249.65,271.65,951.35,186.35,210.15,551.55
2017-11-28,703.85,181.25,257.0,415.95,250.65,274.35,943.35,182.8,208.35,543.15
2017-11-29,709.3,182.45,258.05,413.95,246.9,276.3,946.0,182.0,208.75,547.1
2017-11-30,694.15,180.65,256.05,404.15,240.45,275.8,921.55,181.15,206.05,539.95
2017-12-01,680.9,179.65,255.2,398.9,235.35,272.05,910.1,181.3,202.95,525.95
2017-12-04,687.8,181.6,255.1,403.65,239.55,265.9,901.6,180.2,202.75,520.75
2017-12-05,675.7,178.4,253.85,402.25,240.05,265.25,913.7,177.1,200.3,523.15
2017-12-06,667.6,175.85,251.6,397.05,232.1,265.1,926.65,175.65,200.25,511.35
2017-12-07,688.0,177.05,253.35,402.0,237.2,262.8,931.55,180.3,202.3,510.35
2017-12-08,697.8,180.25,262.2,411.15,239.7,264.85,921.0,180.4,203.1,521.85
2017-12-11,699.55,178.9,266.25,410.15,238.1,269.85,916.15,178.35,204.3,529.6
2017-12-12,689.85,183.3,261.55,406.85,237.95,263.4,915.6,175.9,202.9,520.85
2017-12-13,680.85,183.9,259.0,401.95,234.45,263.15,914.65,176.05,200.5,516.85
2017-12-14,685.75,184.35,264.25,402.4,236.4,262.85,921.5,177.3,200.1,514.4
2017-12-15,694.7,183.0,264.6,405.1,242.75,271.0,919.75,177.45,198.85,518.35
2017-12-18,704.7,183.05,263.2,405.8,249.65,267.65,921.0,177.75,199.9,529.8
2017-12-19,710.2,185.2,264.25,420.1,254.3,267.6,925.95,180.05,202.6,527.5
2017-12-20,702.8,188.0,263.3,422.6,258.35,269.45,918.15,178.45,202.95,527.25
2017-12-21,714.6,188.0,263.05,420.8,263.3,267.9,912.95,180.1,203.1,528.2
2017-12-22,711.2,193.4,263.1,422.0,267.85,265.9,920.4,179.75,203.05,530.95
2017-12-26,721.65,193.7,264.15,424.2,268.65,263.75,929.8,178.45,202.45,541.3
2017-12-27,723.45,192.6,262.15,422.45,265.75,262.55,923.75,177.5,201.2,576.3
2017-12-28,736.25,193.0,261.85,418.6,275.25,263.15,924.2,176.15,199.15,568.4
2017-12-29,732.4,195.2,263.25,431.85,273.55,262.95,921.05,177.0,200.35,571.15
